customer_id,name,email,contact_number,address,zip_code,dob,joined_date
C1,Latoya Olson,markrhodes@example.com,7232256455,"8253 Williams Brook, East Lisa, MT 52228",79802,1972-03-02,2019-11-18
C2,Brandon Hernandez,christine49@example.net,6293677774,"63789 William Mill Apt. 726, Rowefort, FM 15737",82235,1976-03-21,2022-02-01
C3,Natasha Mcmillan,hunterlindsey@example.com,7997095370,"USCGC Nolan, FPO AE 02293",79856,1974-09-25,2019-03-04
C4,Abigail Gross,lisawade@example.net,3551157403,"7737 Jennifer Freeway Apt. 472, Jeffreyburgh, WI 09889",66732,1957-12-24,2019-02-11
C5,April Delgado,qsmith@example.com,2389874701,"247 Howard Causeway, Ericberg, OH 85084",45360,1965-04-15,2020-09-21
C6,Ashley Mckinney,hannah93@example.org,2065886073,"8059 Molly Mountains, West Michellechester, PR 81212",80603,1991-08-15,2018-05-22
C7,Ruth Gonzales,rebecca92@example.net,2888892380,"10213 Brown Trail, Rickborough, PW 14124",21642,1999-06-15,2019-01-27
C8,Stephanie Griffin,justinhall@example.net,1010791980,"55833 Roberta Pike, Lake Jasonport, PR 39115",49362,1956-08-23,2022-11-25
C9,Tiffany Stewart,ubennett@example.net,2890044339,"92592 David Prairie Apt. 642, West Amberburgh, MN 40719",51520,1963-04-22,2021-02-09
C10,Eddie Braun,elizabeth79@example.net,0164796789,"49318 Shea Row Apt. 014, South Ernest, WV 92495",48646,1958-04-15,2022-11-26
C11,Leslie Mathis,wjefferson@example.com,0864634169,"58626 Mary Ports, Vanessaland, AZ 14393",27844,1980-08-28,2020-04-27
C12,Stephanie Brown,larsonbrian@example.com,8534435517,"626 Brooke Lodge Suite 768, Loriland, WA 80267",52576,1995-04-16,2018-11-13
C13,Lucas Dunn,griffinalexander@example.com,2702523376,"4775 Livingston Common Suite 351, Garciamouth, IL 98670",59895,1966-11-08,2018-11-06
C14,Jose Wolfe,khughes@example.org,5786143238,"59346 Blake Ports, West Markport, LA 70496",57461,1971-12-14,2018-10-10
C15,Lisa Sosa,tanyahenry@example.org,7329673624,"0395 James Valley, Rodriguezport, CT 14942",51822,1964-11-24,2018-05-04
C16,David Patterson,nancy73@example.org,3191287085,"7215 Thomas Burgs Suite 403, South Charlesshire, NE 54291",80603,1978-10-19,2021-12-10
C17,Kristen Lowe,hcline@example.net,1697496947,"3163 Weber Avenue Apt. 883, Martinezport, WY 21623",71518,1976-11-17,2022-05-04
C18,Jackie Martin,davidchavez@example.com,0122529640,"1894 Jeff Trail Apt. 737, Port Latoyaview, TN 53642",51520,1961-04-22,2019-01-28
C19,Joseph Kemp,cheyennemunoz@example.com,5710032641,"185 Clark Mission, Haleyfurt, ID 56431",77405,1999-01-06,2018-05-28
C20,Sheila Tate,kpeterson@example.net,2763295398,"969 Rodriguez Glens, East Victorfort, CO 38047",27844,1954-12-19,2020-12-29
C21,Matthew Webb,codyreilly@example.net,0037130521,"9023 Samuel Parks, Jamiefurt, MD 03614",93734,1971-03-21,2022-09-16
C22,Theresa Sloan,qjohnson@example.com,2422132326,"4774 Koch Forest, West Tristanmouth, MH 62947",77719,1992-11-03,2020-06-13
C23,Joseph Hart,lbrown@example.com,1381666783,"47271 Mendoza Square Suite 633, West Brittanyburgh, KS 75133",72599,2003-10-21,2023-03-14
C24,Chelsea Davis,brittany35@example.org,6071137419,"2510 Bryan Views, Port Linda, DC 89804",62174,1957-02-09,2020-08-03
C25,Gregory Le,treynolds@example.com,7921031385,"36152 Lucas Tunnel, Nathanielfort, GA 81930",89266,1998-08-30,2018-07-06
C26,Jeffrey Camacho,janice70@example.net,0831154943,"8711 Mueller Mountains Suite 984, North Amyhaven, MP 47935",71385,1977-09-24,2022-01-27
C27,Ryan Brown,wilsonmorgan@example.net,5503485907,"1376 Jackson Wall, South Andreatown, OK 38765",27844,2000-01-22,2021-04-27
C28,Micheal Allen,juliearnold@example.org,3285636182,"962 Veronica Green, Ericachester, WA 43675",04631,1976-03-11,2020-01-18
C29,Kathryn Powell,zmeyer@example.com,4250974729,"04262 Molina Shoals, North Eric, VT 70371",98156,1964-06-25,2019-12-16
C30,James Abbott,hunteranna@example.org,0922106948,"Unit 5012 Box 7504, DPO AP 04735",35066,1973-02-22,2018-05-24
C31,Jeanette Taylor,bethanywilliams@example.net,4528578975,"684 Jonathan Squares Apt. 935, South Stephen, DC 07181",90811,1993-10-05,2018-08-08
C32,Christopher Stein,joe98@example.org,6919224816,"64650 Danielle Valleys Suite 944, New Michael, PA 42476",79627,1995-03-08,2022-01-24
C33,Amanda Coleman,zswanson@example.org,2725260157,"98034 Carson Lights, South Markfort, VT 18536",99202,1997-11-07,2020-01-30
C34,Christopher Reyes,danielheather@example.org,3988599091,"057 Davis Stream, Chelseafort, PW 08768",87500,1994-11-02,2022-07-27
C35,Michael Sanders,kristen38@example.com,1925432688,"481 Mason Rapid Suite 953, Davidmouth, MP 88585",37578,1983-09-29,2021-08-20
C36,Lauren Watson,lindamitchell@example.net,8441999198,"575 Gutierrez Drives, Rachelberg, VA 11066",87402,1965-07-17,2021-07-13
C37,Jose Harris,vfisher@example.com,9048367330,"10810 Michael Island, Jennyburgh, OR 06793",95479,1977-04-26,2021-11-23
C38,Carol Mercado,rodney81@example.com,1888157013,"808 Jared Glen Suite 535, New Meganshire, MD 34067",06394,1967-01-25,2019-07-02
C39,Antonio Mitchell,odonnelllisa@example.org,5900233789,"PSC 2946, Box 7628, APO AE 97739",60550,1979-09-14,2023-02-18
C40,Sandra Hughes,morgancooke@example.com,7236553655,"PSC 5814, Box 0183, APO AA 21582",86237,1957-03-19,2021-04-27
C41,Samantha Chase,johnnelson@example.net,2699144190,"283 Andrea Stream Apt. 946, Port Brendaville, MD 79779",55492,1954-01-17,2020-09-19
C42,Larry Mills,ksnyder@example.org,0984677821,"818 Carr Common, New Robertmouth, OH 22449",87170,1986-11-14,2020-01-27
C43,William Ruiz,bradleyhernandez@example.org,7367948024,"5058 Gregory Lodge, South Jacqueline, MS 03143",13104,1953-05-11,2021-10-11
C44,Julie Khan,gloverrodney@example.com,6058238939,"843 Angelica Circle, Cameronside, OK 69535",14811,1995-02-02,2023-03-09
C45,Eric Mullen,gmack@example.org,2245698982,"PSC 8009, Box 3004, APO AA 69555",70750,1994-12-19,2019-04-02
C46,Thomas Ford,elizabeth53@example.org,0337944411,"9562 Mercado Lock, Port Katieville, FM 70414",79856,1967-05-14,2019-04-25
C47,Christopher Green,keith54@example.org,0243498457,"438 Jones Forges Suite 566, Port Davidmouth, GU 56945",20499,1998-02-26,2020-09-23
C48,Joshua Farrell,vjones@example.org,3274485786,"031 Jeffery Center Suite 754, Joseborough, NE 09206",81580,1961-08-18,2019-09-07
C49,Kathryn Collins,paulbecker@example.org,8895345941,"7459 Kathryn Station, North Curtisborough, VT 43066",57461,1978-05-20,2023-01-18
C50,Todd Gentry,evansjessica@example.org,2062462794,"0671 Evans Drives, New Misty, ND 73291",03265,1967-05-12,2021-11-03
C51,Brian Martinez,lbell@example.org,6068196191,"813 Christian Cove, Ryanfurt, FL 92546",49241,1974-08-03,2020-04-14
C52,Joshua Burke,qmoore@example.org,7846761853,"3290 Derek Pines, Mariofurt, MO 39333",04631,1996-01-09,2021-01-30
C53,Lawrence Carrillo,pricemelissa@example.com,3195107752,"0459 Lynch Stravenue, North Garyshire, IN 38168",96782,1994-12-15,2022-12-27
C54,Monique Orr,waterspaula@example.com,1739135985,"3894 Smith Plains Apt. 757, Danielburgh, VA 83086",00635,1957-07-20,2022-07-12
C55,Paul Andrews,erinhill@example.com,7608923998,"4219 Simmons Well, Rosstown, IL 02962",77719,1993-10-16,2019-08-07
C56,Krista Riggs,mberry@example.org,2623143599,"39705 Spencer Ways, Williamburgh, WA 42627",90445,1998-12-05,2018-07-02
C57,Juan Jimenez,hannahclay@example.com,3374277532,"990 Martinez Harbors Apt. 328, South Jaredland, VA 81577",06394,1967-09-18,2018-06-23
C58,Randy Wilkins,mirandacharles@example.com,6659035340,"8650 Jason Lakes, Rayton, PR 74167",80603,1986-11-20,2018-12-24
C59,Dana Anderson MD,jeffery22@example.org,9343676864,"10187 Golden Mountains Suite 822, Michelebury, NH 81446",62174,1970-09-27,2020-06-06
C60,Jeffrey Johnston,awood@example.com,2918215176,"1809 Carol Mills, Christopherview, KY 34450",59684,1954-12-04,2020-02-04
C61,Courtney Foster,robert85@example.org,5794621630,"9849 Mark Brooks Suite 080, Rebeccaton, ND 90000",35066,1974-12-05,2019-10-21
C62,Mrs. Maria Ryan,chapmanjill@example.com,3212280871,"97839 Jamie Crossing Suite 166, North Carlaton, AS 32573",77405,1977-12-27,2022-07-24
C63,Steven Pratt,clinton84@example.com,5872314415,"0869 William Creek, Ortegaport, AS 74622",83156,1961-01-22,2018-09-14
C64,Taylor Moore,iholmes@example.net,0200561702,"PSC 8642, Box 5231, APO AP 97667",55315,1956-01-12,2018-07-29
C65,Tammy Pitts,nataliehopkins@example.com,8766610935,"811 Wade Roads Apt. 563, Donnafort, MH 32184",72092,1989-09-07,2023-03-19
C66,Jeffrey Davidson,alexiswade@example.org,3256540931,"539 Laurie Camp Suite 142, Lake Amyfurt, WV 15913",01449,1989-11-09,2020-07-31
C67,Austin Ayers,sean37@example.org,9493717454,"162 George Square, East Martinport, AS 82024",06394,1956-05-08,2023-01-26
C68,Susan Stewart,lisa72@example.org,3852219421,"019 Butler Locks Suite 605, Wallerville, MT 18539",33855,1986-02-16,2022-03-06
C69,Melody Wright,ibeck@example.org,0025242620,"75623 Jessica Trail, East Veronica, ID 82608",50260,1993-04-13,2021-02-26
C70,Joanne Davis,wardamber@example.org,5980105372,"5287 Blair Path, South Elizabethburgh, ND 97947",91731,1986-09-11,2018-12-11
C71,Luke Davis MD,mlove@example.net,3824816040,"97839 Blake Spur Suite 614, Terryville, DC 21234",35066,2002-04-29,2021-08-04
C72,Joshua Gonzalez,justin47@example.net,6690261763,"9272 Bartlett Knolls Suite 191, Port Angelville, UT 26701",62174,1985-02-12,2018-08-01
C73,Matthew Smith,johngonzalez@example.net,8563227533,"49285 Joseph Canyon, Kariside, CA 00738",82801,1958-03-16,2020-07-27
C74,Robert Sullivan,evanrogers@example.com,5992987111,"048 Patrick Circle, Kelleyfurt, TN 66902",50981,1992-08-07,2022-05-06
C75,Jessica Serrano,marycantu@example.com,7862170394,"1289 Shane Pines Apt. 696, Walshmouth, KS 64293",51822,1986-05-22,2021-03-07
C76,Miranda Jones,james23@example.com,5147342430,"4336 Anderson Keys, South Adrian, RI 85432",60908,1977-04-01,2020-10-09
C77,Mrs. Deborah Kelly MD,stantoncynthia@example.net,1136879724,"04126 William Inlet Suite 807, Bradleyshire, NY 10668",49241,2001-03-01,2021-01-28
C78,Robert Kennedy,christopherbaker@example.org,4844067026,"147 Eric Light, Millermouth, GA 33111",86529,1954-02-25,2020-02-01
C79,Anna Smith DVM,garyturner@example.org,3318342057,"01806 Adam Lakes Apt. 905, Kellerton, AZ 02664",19376,1991-01-17,2019-02-04
C80,Mary Hudson,daughertybrian@example.org,7769465135,"7207 Huynh Parkways, Hawkinsmouth, DC 85390",83517,1962-12-17,2019-02-25
C81,Dr. Robert Martin,thomasfinley@example.com,9160887543,"94548 Jennifer Corners, Charlenefurt, GA 14644",78250,1968-04-19,2018-10-09
C82,Andrea Lopez,george43@example.com,8772129592,"27852 Micheal Causeway, Tiffanytown, VA 07293",68520,1984-10-20,2021-05-25
C83,Stephanie Ross,phillipsmichael@example.net,2898608087,"6022 English Fork Apt. 573, East Lucas, TN 53400",51334,1982-05-10,2019-10-15
C84,Elizabeth Murphy,markmartinez@example.net,4033494038,"19331 Larry Dam Suite 123, North Charlene, KY 79204",50981,1980-06-10,2022-03-03
C85,Nathan Moore,samuel19@example.com,8752766266,"4506 Michael Club, Port Paulberg, ME 95525",95479,1957-10-31,2018-11-14
C86,Kristin Cardenas,maxwellkayla@example.com,7427112219,"329 Smith Trace, Debrabury, OH 95786",42773,1967-06-16,2022-12-17
C87,Michelle Davis,tonya71@example.com,0611384921,"7319 Toni Harbors, Joshuaton, OR 79847",55492,1991-04-03,2021-07-24
C88,Kimberly Chambers,laneanne@example.com,7063938525,"895 Annette Field Apt. 174, East Stephanie, ME 53888",51822,1980-01-08,2020-04-02
C89,Scott Fields,omarwaters@example.net,0946261744,"637 Ritter Union Apt. 262, Nielsenville, ID 37025",39540,1985-10-03,2023-02-08
C90,Dawn Wallace,gavinbell@example.com,1895454375,"2357 Curtis Throughway, Hughesburgh, AZ 45454",08068,1958-12-09,2020-08-15
C91,Brandon Everett,dixonnathan@example.org,5445741878,"80700 Angela Cliff, Jamestown, AS 97026",80205,1999-06-07,2018-05-18
C92,James Obrien,twilson@example.net,4297517770,"96641 Colon Glens, Port Alexis, NC 72121",02976,1978-01-02,2018-12-31
C93,Keith Lee,seanbarnes@example.com,8426490063,"21948 Jonathan Courts, East Jamesside, WA 23077",52390,1983-01-15,2018-09-26
C94,Juan Vasquez,sheila03@example.org,4892621337,"393 Stephanie Tunnel, Joneshaven, LA 43114",62636,1999-12-24,2019-07-18
C95,Gregory Robertson,tammiepatterson@example.org,4129479197,"8387 Houston Pine, Conleyview, WI 81677",10814,1986-03-03,2018-05-07
C96,Robert Roberts,monique51@example.com,7052649917,"4258 Rivera Glen Suite 415, North Pamelaport, MP 13018",81580,1998-11-04,2018-04-19
C97,Jon James,emorgan@example.org,2546712078,"53647 Daniels Port, North Scotthaven, OH 28458",28219,1981-10-03,2020-05-25
C98,Kristina Watson,lorithomas@example.net,4064314829,"987 Julia Port, Lake Alicia, KS 71106",03265,1954-06-10,2022-02-04
C99,Amy Smith,courtney16@example.org,5284281657,"16486 Jackson Vista, Port Jameshaven, NC 58484",13104,2002-08-01,2021-02-02
C100,Stephen Davis,alvarezaaron@example.org,6674976026,"475 Carter Field, Pachecotown, MS 02796",81580,2003-03-04,2020-11-18
C101,Melissa Carson,kimberly74@example.com,1822506513,"621 Charles Ville Apt. 949, Hernandezville, DC 96612",33855,1963-07-05,2020-03-18
C102,Cheryl Velazquez,karenjoseph@example.com,7793726745,"8629 Rodriguez Path, Port Stephanie, IL 44978",60398,1958-10-19,2018-12-27
C103,Gary Martinez,ahardin@example.net,9956371086,"1235 George Prairie Apt. 536, Mcconnellburgh, FL 53635",83256,1973-07-08,2020-01-30
C104,Kristin Hicks,jaclyngomez@example.com,1332793529,"42775 Lawrence Stravenue, Dominguezport, AZ 78132",62629,1981-05-13,2021-06-11
C105,Stephanie Reed,pwright@example.net,9852407395,"735 Villa Orchard Apt. 051, Paynemouth, NM 86485",49151,1957-09-08,2020-02-14
C106,Casey Rivera,ghall@example.net,4701671456,"335 Stephens Pike Suite 639, Evanmouth, KY 52436",77719,2004-06-22,2019-11-30
C107,Marcus Ortiz,abbottdaniel@example.net,9940284735,"281 Smith Ridge, East Williamside, MN 49692",94562,1993-03-16,2020-12-21
C108,Matthew Kramer,frenchtaylor@example.com,5058522015,"697 Priscilla Meadows Apt. 493, West Jacobburgh, LA 57047",96589,1993-02-25,2021-10-21
C109,Teresa Clay,jvasquez@example.org,0146416515,"8997 Pruitt Summit, Denisetown, OH 02201",52576,2004-02-23,2019-03-29
C110,Brandon Newman,martinjoanna@example.com,2894044870,"5476 Romero Streets Suite 422, Lake Carolberg, AR 98831",56747,1961-03-01,2019-03-21
C111,Haley Prince,grivera@example.net,7841940437,"20505 Laura Gardens, Brennanfort, DE 74721",04259,1994-11-10,2022-07-24
C112,Ralph Garcia,youngbilly@example.org,8376499317,"6313 Chad Stream, Cervantesside, CA 90680",47719,1974-05-11,2019-02-13
C113,Nicholas Hernandez,iwhite@example.com,8170157809,"PSC 8600, Box 9281, APO AE 15539",49151,1991-03-04,2023-03-18
C114,Ms. Hannah Page DDS,clarkjennifer@example.org,4493970332,"96520 Bailey Square Suite 978, New Sandraville, MD 89385",05977,1968-11-11,2019-07-30
C115,Lauren Maxwell,olivia76@example.com,6611022622,"952 Sandy Parkways Apt. 661, Cuevasland, MO 28627",14811,1979-12-31,2021-06-04
C116,William Skinner,ritamunoz@example.net,8009587992,"PSC 0264, Box 5965, APO AA 61265",94562,1966-08-11,2021-05-11
C117,Richard Floyd,billjackson@example.net,6716712474,"23396 Garcia Lodge, Stewartfurt, IN 15911",40933,2000-09-08,2019-04-21
C118,Paul White,william78@example.com,7605795111,"7387 Thomas Knoll Apt. 827, Martinezside, NM 96878",43535,1988-10-11,2023-01-10
C119,Diana Day,cunninghamanthony@example.net,4412360393,"77034 Bauer Fort, East Samuelland, MS 23885",31183,1953-09-16,2020-10-06
C120,Steven Silva,umiller@example.com,8787070781,"7853 Henderson Harbor Suite 404, Webbfort, RI 27723",34038,1994-10-16,2019-04-13
C121,Megan Page,tayloralexander@example.com,2677261027,"42984 Greer Union Apt. 597, Davidfort, IN 13956",53210,2003-12-03,2019-05-25
C122,Sarah Sullivan,gbaker@example.net,2684523168,"033 Smith Summit, East Alexander, VT 78669",88980,1965-09-24,2020-12-15
C123,Jacqueline Williams,sandraroberts@example.com,2005451119,"81726 Rose Ridges Suite 963, Lake Chadberg, HI 33975",35580,1979-08-01,2020-01-27
C124,Alex Wright,monique79@example.com,7242654590,"97084 Jesse Heights, Danielchester, FL 27539",51334,1994-05-28,2020-08-09
C125,Laurie Hernandez,hooverpatricia@example.net,7115129841,"9472 Matthews Inlet Suite 321, Leonborough, CA 50126",01449,2003-07-17,2021-07-06
C126,Jennifer Norris,nelsonadam@example.org,4206465181,"236 Tammie Extension, Port Kristopher, CT 76843",82801,1966-02-02,2018-12-16
C127,Melanie Le,gward@example.org,2944801929,"30226 Scott Lake Apt. 439, South Ashley, IA 84455",12845,1990-07-31,2019-02-27
C128,Paul Diaz,xbrooks@example.org,6736562914,"USS Clements, FPO AP 09260",10814,1992-08-14,2018-09-02
C129,Tina Duarte,wkramer@example.org,0848923687,"8679 Pamela Bridge Suite 818, Ericbury, IL 24530",04259,1955-03-22,2021-03-12
C130,Melissa Shields,butlermelissa@example.com,7523032569,"USNV Robles, FPO AE 89652",89266,1994-02-19,2022-04-21
C131,Cassandra Smith,dananeal@example.net,2579590644,"2862 Taylor Ford, Ellisbury, DE 51367",89266,1999-10-21,2019-05-28
C132,Amber Turner,charles38@example.com,8453833585,"8543 Michael Plaza Suite 477, Meganton, PA 40444",95479,1974-08-17,2020-04-11
C133,Stephen Kim,heidimiller@example.com,5062918454,"182 Travis Falls, Whitneyberg, NJ 89603",60550,1957-07-09,2022-11-07
C134,Sara Caldwell,jeff99@example.com,1123691402,"3747 Veronica Mount Apt. 488, Karlaburgh, NV 16164",97293,2001-12-20,2019-01-25
C135,Robert Lee,martha42@example.com,2072580460,"Unit 3913 Box 1595, DPO AE 67806",20750,1959-05-11,2020-11-07
C136,Ariana Collier,cpearson@example.net,5901634626,"PSC 4189, Box 4897, APO AE 33310",88713,1978-08-07,2020-10-14
C137,Jennifer Smith,deanna11@example.org,9480120029,"99944 Cochran Key Suite 368, Richardport, UT 78345",03186,1982-10-19,2018-05-28
C138,Michael Dawson,benjamin74@example.org,4073084199,"42929 Rebecca Loop Apt. 976, Kevinport, NJ 14008",83256,1958-03-20,2020-01-08
C139,Teresa Williamson,coreykrueger@example.org,6011298232,"Unit 5103 Box 3929, DPO AA 57701",79856,1958-08-05,2019-08-02
C140,Debra Neal,donald95@example.org,7935658043,"066 Wilson Tunnel Suite 157, South Logan, MH 35246",33855,1989-06-20,2020-10-15
C141,Tammie Stokes,david06@example.org,9204644601,"7909 Tonya Estate Apt. 364, Garyhaven, TX 50579",51823,1988-06-25,2023-02-08
C142,Shane Jones,elizabethgarcia@example.net,3172189299,"462 Mejia Lane, New Josephview, AR 02093",50134,1960-03-13,2018-08-27
C143,Heidi Roberts,pereztheresa@example.net,2693079070,"06939 Waters Mission Suite 719, Port Sabrina, CT 74381",47655,1957-02-22,2021-12-25
C144,Theresa Bryant,samantha98@example.com,6146376774,"167 Danielle Ramp, South Donald, TN 78872",92587,1987-08-30,2020-12-30
C145,Krista Roberts,ysheppard@example.org,0671683654,"4432 Giles Way Suite 569, Port Brandichester, AZ 82202",15026,1969-08-02,2020-07-19
C146,Chloe Tucker,ryanreyes@example.net,9014723098,"47107 Payne Lakes, New Michael, OK 83148",30796,2002-11-27,2020-11-13
C147,Emily Freeman,johnsonmegan@example.org,3835301206,"42865 Karen Parkways Suite 182, Port Oscar, WI 71574",30415,1990-12-14,2021-08-30
C148,Lisa Wilson,sroberson@example.com,9126551839,"4328 Myers Mission, Port Richardfurt, MP 20565",56747,1955-12-11,2022-05-24
C149,Ashley Cole,christopher15@example.net,3262682625,"0077 Brown Prairie, Port Heidi, MT 14322",19376,1981-05-01,2019-01-05
C150,Amanda Johnson,kenneth44@example.net,4040249116,"415 Robinson Via Apt. 122, Johnsonfort, IA 23650",22394,1964-02-06,2021-10-01
C151,Sheila Smith,coxmelanie@example.org,3286032196,"412 Thomas Cove, Kevinside, IL 54551",54999,1970-11-10,2020-01-20
C152,Kendra Smith,davidjackson@example.org,8345564761,"1727 Patton Gateway Suite 860, Port Corey, MN 36745",49151,1964-09-07,2022-07-09
C153,Maurice Smith,lucerojulia@example.org,5244486647,"29165 Owen Burgs, North Stephanieside, OH 91497",93734,2003-08-23,2021-04-17
C154,Jade Torres,fporter@example.org,1871793656,"758 Amanda Landing Suite 587, Lake Jeffrey, PW 47726",60550,1993-04-24,2018-11-02
C155,Richard Olson,rebecca97@example.com,1434694337,"65098 Debbie Inlet, North Dennis, OR 50141",92387,1953-11-26,2020-09-06
C156,Charles Bird,igolden@example.org,3877499953,"898 Lori Lane Apt. 137, North Jeremy, VT 58639",13104,1976-07-21,2022-04-19
C157,Samantha Perkins,stephaniehenderson@example.net,1897718391,"64045 Kaitlin Plains Suite 586, New Kimberly, ME 93664",34038,1971-04-10,2020-01-25
C158,Heidi Oliver,robert39@example.net,5229585510,"0978 Jeffery Port Apt. 228, Laurashire, AK 17232",61520,1960-06-09,2018-10-06
C159,James Garcia,michaelarias@example.org,9173323417,"21759 Zachary Common Suite 168, Port Stephanie, MN 76794",56220,1999-05-13,2020-01-24
C160,Thomas Gardner,victoriaali@example.net,6626612580,"803 Luna Glen Suite 237, Port Austinmouth, AS 83191",38259,1990-03-29,2022-08-09
C161,Alexander Jones,eshort@example.org,7875233194,"19886 Patrick Wells Apt. 300, Port Julieview, MA 30182",13463,1988-07-07,2022-06-08
C162,Thomas Collins,ialexander@example.net,6688056428,"4247 Garcia Walk Suite 173, Roberttown, VA 45932",39674,1963-07-27,2021-04-03
C163,Melissa Vaughn,cgreen@example.com,9725701442,"87798 Rogers Road, New Rebeccamouth, AS 68709",51520,1959-12-22,2020-06-11
C164,John Harris,brooksrichard@example.org,3717628948,"USCGC Vaughn, FPO AA 07243",78250,1976-03-28,2022-05-27
C165,Molly Curtis,vanessa00@example.net,5095300626,"160 Barnes Pines Apt. 703, New Zachary, AR 84016",98143,1982-10-13,2019-04-02
C166,Diana Mccoy,phillipgriffin@example.com,8226014103,"2484 Reed Lights Suite 442, Travismouth, SC 22284",81580,1962-07-22,2021-06-05
C167,Larry Cohen,baileymiguel@example.org,1757713380,"0561 Jessica Spur Suite 394, Port Tracyland, MN 16814",87500,1981-07-15,2020-06-20
C168,Jason Reyes,martinezdaniel@example.com,2180794720,"447 Smith Inlet Apt. 897, Malloryhaven, WV 66948",28864,1992-01-30,2018-07-22
C169,Andrea Mitchell,alexisking@example.com,5261818019,"63556 Richard Crescent Apt. 778, East Matthew, MS 72256",97350,1973-04-12,2018-09-14
C170,Renee Roberts,snowjennifer@example.net,7362384568,"2065 Wilson Harbor, East Kristina, OK 37936",87170,1980-09-13,2019-02-10
C171,Christina Rodriguez,lindajackson@example.net,1170344106,"8464 Johnson Trail, Gibsonfurt, ME 77406",66732,1988-08-21,2018-06-20
C172,Theresa Payne,derek26@example.com,3074782947,"3004 Patricia Extensions, Michelleburgh, VT 65138",08068,1982-11-01,2020-03-19
C173,William Bell,daviddaniels@example.com,2609406804,"7885 Peterson Mews, Hortonville, ND 68205",68961,1965-01-08,2018-04-18
C174,David Moore,fisherdevin@example.net,8359742280,"USS Nixon, FPO AA 41281",04259,1987-07-10,2022-01-21
C175,Brittany Miles,cestes@example.org,8571730859,"205 Skinner Parks, South Jasmineberg, KS 30476",95479,1998-04-19,2022-09-22
C176,Andrea Smith,james88@example.org,8983054210,"058 Joshua Plain, Mcdonaldtown, AK 05526",73514,2003-01-10,2022-08-16
C177,Kim Cooper,chuff@example.net,7457239933,"01157 Megan Greens, Isabellaland, TX 71013",69577,1993-08-21,2020-11-15
C178,Robert Russell,fitzgeraldmallory@example.net,7606623204,"1785 Villegas Extensions, Farmermouth, WY 34642",04259,1981-11-27,2022-09-08
C179,Jamie Gonzales,michellereed@example.org,0257150552,"5463 Laura Brooks, Keithborough, KS 49527",92587,1981-01-20,2022-10-19
C180,Michael Silva,callahannicole@example.net,7583855493,"52603 Jose Shore, New Natasha, NV 87369",96782,1993-01-01,2020-06-02
C181,Gabriel Bauer,mikehess@example.com,1584142671,"30476 Vasquez Fort Suite 328, Heatherview, GU 77607",34038,1992-03-09,2019-01-29
C182,Richard Cardenas,ochurch@example.net,2377950585,"37490 Price Heights, Hayleyfort, MT 43213",42773,1989-12-20,2019-01-26
C183,Jennifer White,lingram@example.net,9230119012,"543 Perez Motorway Apt. 675, Jessicamouth, PA 14894",60908,1999-07-10,2019-12-18
C184,Theodore Combs,charlesandersen@example.org,7525888467,"35914 Lee Trace Suite 617, Lake Juanchester, SD 18228",19503,1981-03-30,2018-10-24
C185,David Rodriguez,uaustin@example.net,3413592565,"6985 Lucas Shore, Port Geraldfurt, VI 75777",40933,1956-03-19,2021-06-16
C186,Dale Marshall,whitneygutierrez@example.org,0060321711,"34123 Ward View, Chapmanton, NH 19478",91731,1996-09-17,2021-10-04
C187,Alicia Briggs,christopher12@example.com,9492439490,"790 David Avenue, South Reneeton, CO 73729",21642,1989-01-15,2020-08-22
C188,Brandi Parker,llewis@example.org,5971639425,"81650 Jerry Stream, Joeshire, DE 86297",79627,1994-05-09,2020-06-28
C189,Benjamin Macdonald,qdiaz@example.com,8941445148,"4311 Jermaine Rest Apt. 338, Walkerview, CT 53241",45360,1959-10-11,2021-03-18
C190,Heidi Jones,amanda89@example.org,1976303288,"02159 Jason Drives, Port Katherine, HI 83982",61520,1988-03-10,2018-11-11
C191,Rachel Baker,brenda44@example.com,9199322385,"20065 Justin Heights Suite 450, Lake Cassandra, NH 80842",42513,1990-10-14,2020-12-14
C192,Patricia Mosley,sanderserica@example.net,4614943365,"4966 Anderson Extension Suite 500, East Matthewport, RI 11466",62636,1956-10-13,2023-03-06
C193,Daniel Miller,hgraham@example.net,8218806890,"659 Austin Fort, Stevenview, VA 66799",40933,1980-10-25,2018-09-24
C194,Isabella Bailey,heatherwilliams@example.com,6683634857,"002 Terrance Loop Suite 779, Perezfurt, AS 08932",59895,1997-02-07,2023-04-01
C195,Corey Mills,christopher83@example.org,9207648954,"USNV Green, FPO AP 21497",48646,1991-03-16,2019-04-12
C196,Kyle Chapman,huffkrystal@example.net,8019241679,"1013 Jonathan Road, New Jennifer, TN 62562",41321,1989-07-13,2018-12-25
C197,Robert Thompson,laurawatts@example.org,5340523349,"8620 Christopher Coves Apt. 923, Woodsland, SD 41811",49241,1963-06-05,2021-11-28
C198,James Cochran,anita00@example.org,8090746721,"81784 Parker Plaza, Barryfurt, NY 36720",45360,1974-01-14,2022-05-20
C199,Ashley Chung,christophermoore@example.net,7738786149,"549 Thomas Path Apt. 111, East Patrick, AR 33986",84198,1981-09-23,2021-08-19
C200,Amanda Sanders,stoneeric@example.org,9977868119,"322 Nelson Dam, Port Mark, WA 47283",63739,1986-09-29,2020-03-28
