employee_id,name,address,zip_code,dob,gender,contact_number,pay_per_hour,total_working_hours
E1,Heather Pollard,"6062 Everett Causeway, Port Danielfort, OK 95293",20499,1997-09-23,M,1715490940,27.84,65
E2,Jonathan Palmer,"576 Jeffrey Knolls, Marioport, NM 25271",31758,1974-01-08,F,8956953795,21.74,1950
E3,Noah Chavez,"260 Steven Road Suite 779, East Raymond, MN 04450",33855,1999-06-28,M,6283991270,42.41,250
E4,Joseph Peterson,"5175 Moore Mill Suite 648, Port Brianshire, AK 17392",57085,1980-04-15,F,5980689573,22.99,1191
E5,Angela Wagner,"1938 Theresa Ports, Fosterville, PR 53281",15026,1977-12-21,F,5436953454,15.94,344
E6,David Hodge,"79200 Sanchez Coves, Lake Mark, AK 39596",13463,1984-02-19,M,3789736235,47.08,226
E7,James Ferguson,"2649 Jessica Trail Apt. 286, Mitchellmouth, WY 97503",52576,1980-03-03,M,3287147087,24.05,2106
E8,Dorothy Young,"36255 John Vista, West Joefort, OH 47784",04259,1988-04-09,F,6722576558,36.51,2413
E9,Tara Hensley,"3951 Reilly Manors Suite 240, New Kevin, IN 88194",03783,2002-10-28,M,6898949072,26.11,325
E10,Kimberly Miller,"908 Martinez Dam, New Linda, GU 46479",47719,1981-08-23,F,3840369066,36.06,2193
E11,Denise Andrews,"788 David Loop Apt. 509, East Adamfort, NC 74432",74224,2005-04-13,F,9963544599,21.68,278
E12,Jessica Gregory,"71388 Tara Manors Apt. 889, Bowenland, TX 59435",30415,1982-09-17,M,7573679101,22.2,182
E13,Brittany Scott,"529 Mcdonald Locks Suite 063, Lake Danielland, WI 58105",93734,1979-12-06,M,4582080658,31.35,917
E14,Joseph Walker,"91589 Aaron Ford, Davidland, WI 09271",79856,1977-01-30,F,8587017337,33.6,77
E15,Damon Parker,"839 Amanda Prairie Suite 127, Elizabethstad, GA 70569",79022,1977-12-29,M,4104017315,25.9,328
E16,Eric Zimmerman,"61456 Thomas Fall, Nicolemouth, ND 94612",03186,2000-09-09,F,2940899022,41.82,125
E17,Robert Levine,"55928 Glenn Oval Apt. 840, Rosebury, MT 78372",51682,2001-12-30,M,2616578364,31.02,473
E18,Lisa Moore,"77722 Hardy Village, South Donald, MT 54425",03265,1975-12-04,F,2593568042,37.12,2119
E19,Jessica Pope,"342 Lisa Key, Brianburgh, NM 03458",26355,1989-06-04,F,9978437717,16.33,381
E20,Jordan Ortiz,"2667 Amanda Coves, Carlafort, OR 28301",05682,1985-10-26,F,4462835166,21.42,3213
E21,Eric Douglas,"920 Colleen Hill, New Mark, PW 63670",96589,1982-06-16,M,4671652629,15.48,119
E22,Edgar Miles,"2996 Elliott Walk, West Joannaport, AK 99342",80205,2000-09-06,M,2652627344,32.79,4453
E23,Heather Hicks,"34563 Nguyen Rapid Apt. 145, Jeffburgh, OR 50317",67101,1999-03-31,M,6025007033,22.34,86
E24,Leslie Palmer,"5568 Donaldson Prairie Apt. 276, South Kristopherfurt, ME 41571",30415,1988-05-18,M,9864484527,45.66,277
E25,Robert Green,"USNS Williams, FPO AP 66747",00612,1991-07-15,M,4728507477,44.41,3387
E26,Daniel Hernandez,"5709 Ann Valleys, Morrisfurt, AS 27061",08495,1977-10-20,M,7759809611,39.49,3108
E27,Michelle Davila,"007 Watson Islands Apt. 995, South Jonathanside, WI 56540",71385,1999-05-06,F,1030401200,20.79,5248
E28,Rebecca Lewis,"201 Brady Crossroad, Port Davidberg, ME 57095",23046,1989-02-11,F,9548561470,28.36,24
E29,Phillip Russell,"1530 Davis Villages, Sarachester, MA 92216",28219,1992-06-08,M,3814278564,15.59,250
E30,Kayla Hernandez,"2016 Abigail Burgs Apt. 999, Lake Davidbury, SC 72694",30415,1982-05-26,M,3777916434,49.45,49
E31,Robert Lewis,"USS Conway, FPO AE 85521",45450,1996-09-28,F,6309672117,17.46,123
E32,Brandon Taylor,"65983 Camacho Plaza, Rickyfort, AZ 29015",14811,1984-12-04,F,5827784685,46.53,182
E33,Denise Rodriguez,"2784 Abigail Village, Port Jesus, NM 13629",97350,1992-08-05,F,3857305139,49.62,187
E34,Theresa Fowler,"697 Hudson Cliffs, East Anthonybury, ME 23394",76920,1986-10-19,M,8086525855,48.11,5461
E35,James Johnston,"12182 Douglas Ridges Suite 387, Gardnerland, NJ 79043",62174,1977-08-14,F,9089163859,34.57,753
E36,Michael Huang,"70651 Schroeder Wall Suite 158, Smithstad, MH 98278",79627,1999-11-16,F,3338033281,19.08,408
E37,Scott Allen,"63333 Ryan Hill, Port Mirandachester, PW 03577",69577,1984-04-24,M,1066966785,48.75,1274
E38,Austin Obrien,"9510 Johnson Village Suite 618, Emmaport, ME 34013",30796,2002-05-22,M,9163016871,37.2,148
E39,Mr. Michael Johnson,"9874 Jones Drive Apt. 212, Lake Sean, SD 58801",05682,1988-11-24,M,8908663129,46.77,5132
E40,Joel Bass,"07276 Johnson Parkway, Crawfordburgh, HI 12581",14811,1985-01-28,M,2392422401,34.7,33
E41,Rebecca Garza,"3726 Hurley Rue, Lewisborough, LA 85310",49362,1974-05-22,F,5476591152,29.59,274
E42,Julia Carlson,"79602 Annette Locks Suite 927, Clarkville, AZ 07819",49362,1989-12-06,M,8249976230,16.81,472
E43,Laura Walker,"USS Williams, FPO AE 30933",29590,1987-12-11,F,6558801349,44.58,253
E44,Marissa Cook,"34925 Mitchell Branch Apt. 724, Choiport, AL 37511",49362,1984-01-17,M,2143883613,25.32,221
E45,William Lewis,"7248 Fritz Shoal Suite 571, North Antonio, CA 21942",55658,1978-05-13,F,7357096285,33.03,1162
E46,Gregory Lane,"996 Horn Harbors Apt. 977, Lake Michaelfort, AS 07340",48646,1991-10-14,M,1400596829,20.08,886
E47,David Taylor,"00727 Jeremy Vista, Simmonschester, AK 88955",21642,1987-09-23,M,8355438462,39.43,23
E48,Glenda Morrison,"601 Jeffery Glens, North Jonathon, GU 38217",22394,2004-11-25,F,4367896193,43.97,1345
E49,Mr. Michael Pearson,"3118 Juan Turnpike, Blackburnburgh, AS 19937",61613,1983-09-12,M,2300524556,16.39,450
E50,Anthony Martinez,"558 Curry Estate, East Sarahton, MT 60266",11206,1977-02-14,M,8489186973,38.2,3405
